{"cameraMode":{"drawMode":0,"name":"Shaded","section":"Shading Mode"},"sceneLighting":false,"audioPlay":false,"sceneViewState":{"showFog":true,"showMaterialUpdate":false,"showSkybox":false,"showFlares":true,"showImageEffects":true,"showParticleSystems":true},"in2DMode":false,"pivot":{"x":-0.3074769973754883,"y":1.042415976524353,"z":90.57677459716797},"rotation":{"x":0.13871809840202332,"y":0.21215200424194337,"z":-0.030437983572483064,"w":0.966862678527832},"size":2.8578836917877199,"orthographic":false}