{"cameraMode":{"drawMode":0,"name":"Shaded","section":"Shading Mode"},"sceneLighting":false,"audioPlay":false,"sceneViewState":{"showFog":true,"showMaterialUpdate":false,"showSkybox":false,"showFlares":true,"showImageEffects":true,"showParticleSystems":true},"in2DMode":false,"pivot":{"x":1.2674704790115357,"y":-1.9579238891601563,"z":89.96322631835938},"rotation":{"x":0.010499745607376099,"y":0.004499726928770542,"z":-0.00004724638711195439,"w":0.99993497133255},"size":140.86328125,"orthographic":false}